<?xml version="1.0" encoding="UTF-8"?>
<project-private xmlns="http://www.netbeans.org/ns/project-private/1">
    <editor-bookmarks xmlns="http://www.netbeans.org/ns/editor-bookmarks/2" lastBookmarkId="0"/>
    <open-files xmlns="http://www.netbeans.org/ns/projectui-open-files/2">
        <group>
            <file>file:/D:/Sudhanshu/TechBlog/TechBlog/src/java/com/tech/blog/dao/userDao.java</file>
            <file>file:/D:/Sudhanshu/TechBlog/TechBlog/web/card.jsp</file>
            <file>file:/D:/Sudhanshu/TechBlog/TechBlog/web/css/mystyle.css</file>
            <file>file:/D:/Sudhanshu/TechBlog/TechBlog/web/index.jsp</file>
            <file>file:/D:/Sudhanshu/TechBlog/TechBlog/web/Login.jsp</file>
            <file>file:/D:/Sudhanshu/TechBlog/TechBlog/web/register.jsp</file>
            <file>file:/D:/Sudhanshu/TechBlog/TechBlog/web/card2.jsp</file>
            <file>file:/D:/Sudhanshu/TechBlog/TechBlog/src/java/com/tech/blog/servlets/registerSer.java</file>
            <file>file:/D:/Sudhanshu/TechBlog/TechBlog/src/java/com/tech/blog/helper/Connectionprov.java</file>
            <file>file:/D:/Sudhanshu/TechBlog/TechBlog/web/normal_navbar.jsp</file>
            <file>file:/D:/Sudhanshu/TechBlog/TechBlog/src/java/com/tech/blog/entities/user.java</file>
        </group>
    </open-files>
</project-private>
